Name,RCB,2020_IFC,2021_IFC,2022_IFC,2023_IFC,2024_IFC,2020_AFC,2021_AFC,2022_AFC,2023_AFC,2024_AFC,2021 Importfixed charge Changes (%),2022 Importfixed charge Changes (%),2023 Importfixed charge Changes (%),2024 Importfixed charge Changes (%)
Spondon Peaking STOR,-,16.72,0,0,0,0,61.1952,0,0,0,0,-100%,0%,0%,0%
Rhodia STOR,-,103.62,0,0,0,0,379.2492,0,0,0,0,-100%,0%,0%,0%
Pebble Hall Farm AD,0,727.71,769.88,0,0,0,2663.4186,2810.062,0,0,0,6%,-100%,0%,0%
Blackbridge Farm BIO,-,39.55,41.77,0,0,0,144.753,152.4605,0,0,0,5%,-100%,0%,0%
Carlton Forest STOR,-,14.95,15.79,0,0,0,54.717,57.6335,0,0,0,5%,-100%,0%,0%
Alfreton Diesel Power,-,2.32,2.42,0,0,0,8.4912,8.833,0,0,0,4%,-100%,0%,0%
Mill Fm Caythorpe ESS,-,205,0,0,0,0,750.3,0,0,0,0,-100%,0%,0%,0%
Derby Co-Generation,-,142.33,147.22,138.44,76.74,0,520.9278,537.353,505.306,280.8684,0,3%,-6%,-44%,-100%
Rolls Royce Sinfin C,-,12571.66,13190.34,0,0,0,46012.2756,48144.741,0,0,0,5%,-100%,0%,0%
ABR Foods,-,430.31,444.81,16608.67,9274.49,0,1574.9346,1623.5565,60621.6455,33944.6334,0,3%,3634%,-44%,-100%
AP Drivelines,-,224.55,230.68,0,0,0,821.853,841.982,0,0,0,2%,-100%,0%,0%
Leamington STOR,-,46.71,49.18,0,0,0,170.9586,179.507,0,0,0,5%,-100%,0%,0%
Hall Farm PV,-,45.37,47.43,0,0,0,166.0542,173.1195,0,0,0,4%,-100%,0%,0%
Langar Commercial PV,0,0,0,0,0,0,0,0,0,0,0,0%,0%,0%,0%
Langar PV Community,0,0,0,0,0,0,0,0,0,0,0,0%,0%,0%,0%
Corby Power generation,0,0,0,0,0,0,0,0,0,0,0,0%,0%,0%,0%
Ansty Park EES,-,259.65,271.66,281.34,0,0,950.319,991.559,1026.891,0,0,4%,4%,-100%,0%
Ashland Farm PV,-,4.23,4.42,4.58,4.5,0,15.4818,16.133,16.717,16.47,0,4%,4%,-1%,-100%
Attfields Farm Generation,-,4.55,4.74,0,0,0,16.653,17.301,0,0,0,4%,-100%,0%,0%
Burton Pedwardine Ph1,-,12.42,13.06,13.53,0,0,45.4572,47.669,49.3845,0,0,5%,4%,-100%,0%
Church Field ESS & PV,-,297.37,308.32,0,0,0,1088.3742,1125.368,0,0,0,3%,-100%,0%,0%
Churchover Solar Farm,-,14.15,0,0,0,0,51.789,0,0,0,0,-100%,0%,0%,0%
Clay Cross EFW,-,81.1,85.07,88.1,86.61,0,296.826,310.5055,321.565,316.9926,0,5%,4%,-1%,-100%
Cogenhoe Road 1 ESS,-,1585.84,1628.54,0,0,0,5804.1744,5944.171,0,0,0,2%,-100%,0%,0%
Coney Grey,-,4.49,4.68,4.85,0,0,16.4334,17.082,17.7025,0,0,4%,4%,-100%,0%
Decoy Farm Crowland WF,-,4.98,5.2,5.39,5.29,0,18.2268,18.98,19.6735,19.3614,0,4%,4%,-2%,-100%
Denby Transport,-,14.44,15.22,0,0,0,52.8504,55.553,0,0,0,5%,-100%,0%,0%
Desford Road ESS,-,265.99,276.51,0,0,0,973.5234,1009.2615,0,0,0,4%,-100%,0%,0%
Dunsby STOR,-,13.01,13.63,14.12,13.88,0,47.6166,49.7495,51.538,50.8008,0,4%,4%,-1%,-100%
"Eakring Road, Bilsthorpe",-,595.66,660.66,684.21,0,0,2180.1156,2411.409,2497.3665,0,0,11%,4%,-100%,0%
East Wood End PV,-,2.86,2.92,3.08,3.03,0,10.4676,10.658,11.242,11.0898,0,2%,5%,-1%,-100%
Falcon Works Gas Farm,-,370.46,387.54,0,0,0,1355.8836,1414.521,0,0,0,4%,-100%,0%,0%
Fiskerton Gas Gen,-,22.75,23.71,24.55,24.14,0,83.265,86.5415,89.6075,88.3524,0,4%,4%,-1%,-100%
Grafton Underwood PV,-,2.48,2.54,0,0,0,9.0768,9.271,0,0,0,2%,-100%,0%,0%
Grendon Lakes ESS,-,1585.84,1628.54,0,0,0,5804.1744,5944.171,0,0,0,2%,-100%,0%,0%
"Halfway  Ind Est,  Sheffield",-,1.51,1.57,0,0,0,5.5266,5.7305,0,0,0,4%,-100%,0%,0%
Heckington Fen,-,782.98,811.32,840.65,0,0,2865.7068,2961.318,3068.3725,0,0,3%,4%,-100%,0%
Hill Farm Radford Semele STOR,-,12.67,13.25,0,0,0,46.3722,48.3625,0,0,0,4%,-100%,0%,0%
Horsemoor Drove Wind Farm,-,44.72,47.16,48.84,48.02,0,163.6752,172.134,178.266,175.7532,0,5%,4%,-1%,-100%
Judds lane STOR,-,3.83,3.99,0,0,0,14.0178,14.5635,0,0,0,4%,-100%,0%,0%
Ladywood Farm,-,1.81,1.89,1.96,0,0,6.6246,6.8985,7.154,0,0,4%,4%,-100%,0%
Land at Newhall,-,34.86,36.83,38.14,0,0,127.5876,134.4295,139.211,0,0,5%,4%,-100%,0%
Green Lane Phase 2,-,7.29,7.62,7.89,0,0,26.6814,27.813,28.7985,0,0,4%,4%,-100%,0%
Weldon PV,-,2.13,2.25,0,0,0,7.7958,8.2125,0,0,0,5%,-100%,0%,0%
Litchlake Farm,-,5.14,5.38,5.57,0,0,18.8124,19.637,20.3305,0,0,4%,4%,-100%,0%
Marsh Lane Boston BIO,-,0,1.01,0,0,0,0,3.6865,0,0,0,0%,-100%,0%,0%
Mead Phase1,-,25.71,26.97,27.93,0,0,94.0986,98.4405,101.9445,0,0,5%,4%,-100%,0%
"Mill Farm 2, Great Ponton",-,18.26,19.27,19.95,0,0,66.8316,70.3355,72.8175,0,0,5%,4%,-100%,0%
Portway Newport P GAS,-,41.75,44.04,45.61,44.84,0,152.805,160.746,166.4765,164.1144,0,5%,4%,-1%,-100%
Ranksborough Farm PV,-,4.22,4.47,0,0,0,15.4452,16.3155,0,0,0,6%,-100%,0%,0%
Red House Solar farm,-,0.77,0.8,0.83,0.82,0,2.8182,2.92,3.0295,3.0012,0,4%,4%,-1%,-100%
Retford Road Gas Gen,-,0,1.01,1.04,1.02,0,0,3.6865,3.796,3.7332,0,0%,3%,-2%,-100%
Spring Ridge WF,-,131.53,134.24,139.03,136.69,0,481.3998,489.976,507.4595,500.2854,0,2%,4%,-1%,-100%
Stoke Heights Wind Farm,-,105.58,111.69,115.67,113.72,0,386.4228,407.6685,422.1955,416.2152,0,5%,4%,-1%,-100%
Streetfield STOR,-,4.47,4.72,0,0,0,16.3602,17.228,0,0,0,5%,-100%,0%,0%
"Stud Farm, Sutton-on-Trent",-,2.88,3,3.11,0,0,10.5408,10.95,11.3515,0,0,4%,4%,-100%,0%
Sutton Elms STOR,-,8.67,9.13,0,0,0,31.7322,33.3245,0,0,0,5%,-100%,0%,0%
Swift Wind Farm,-,3.87,4.06,4.21,4.13,0,14.1642,14.819,15.3665,15.1158,0,5%,4%,-2%,-100%
Tathall End Solar Farm,-,18.2,19.2,19.89,19.55,0,66.612,70.08,72.5985,71.553,0,5%,4%,-1%,-100%
Thornton Estate STOR,-,8.01,8.38,0,0,0,29.3166,30.587,0,0,0,4%,-100%,0%,0%
Tutbury Solar Farm,-,43.24,45.47,47.09,46.3,0,158.2584,165.9655,171.8785,169.458,0,5%,4%,-1%,-100%
Walworth farm EES,-,41.35,42.09,0,0,0,151.341,153.6285,0,0,0,2%,-100%,0%,0%
Whaddon 2872,-,1.01,0,1.09,1.07,0,3.6966,0,3.9785,3.9162,0,-100%,0%,-2%,-100%
Whitfield Hs Fm STOR,-,7.84,8.15,0,0,0,28.6944,29.7475,0,0,0,4%,-100%,0%,0%
Whitsundoles Solar Farm,-,19.88,20.96,21.7,21.34,0,72.7608,76.504,79.205,78.1044,0,5%,4%,-1%,-100%
Wide Lane Solar Farm,-,4.61,4.81,4.99,4.9,0,16.8726,17.5565,18.2135,17.934,0,4%,4%,-2%,-100%
Willow Park Farm Generation,-,29.12,30.65,0,0,0,106.5792,111.8725,0,0,0,5%,-100%,0%,0%
Wilsthorpe Farm,-,3.83,7.46,7.73,0,0,14.0178,27.229,28.2145,0,0,94%,4%,-100%,0%
Jaguar Land Rover Gaydon,4,4877.51,5170.93,68087.72,43448.7,52430.55,17851.6866,18873.8945,248520.178,159022.242,191371.5075,6%,1217%,-36%,20%
Jaguar Land Rover Whitley,4,6048.48,6415.13,69376.27,44715.53,69372.99,22137.4368,23415.2245,253223.3855,163658.8398,253211.4135,6%,981%,-35%,55%
West End Fm Treswell PV,1,3.67,3.81,3.95,1483.54,1834.54,13.4322,13.9065,14.4175,5429.7564,6696.071,4%,4%,37561%,23%
Thornborough Grnds PV,1,18.65,19.58,20.27,1499.59,1848.66,68.259,71.467,73.9855,5488.4994,6747.609,5%,4%,7318%,23%
Brafield on the Green PV,1,49.62,52.37,54.23,1532.98,1899.06,181.6092,191.1505,197.9395,5610.7068,6931.569,5%,4%,2735%,24%
Sywell PV,1,69.42,73.43,76.05,1554.43,1864.65,254.0772,268.0195,277.5825,5689.2138,6805.9725,5%,4%,1950%,20%
Derby Waste Sinfin EFW,2,753.78,795.88,824.25,9674.92,13378.93,2758.8348,2904.962,3008.5125,35410.2072,48833.0945,5%,4%,1077%,38%
Barnby Moor Retford PV,1,2.02,2.06,2.13,1481.76,1892.28,7.3932,7.519,7.7745,5423.2416,6906.822,2%,3%,69657%,27%
RAF Cranwell High G,1,516.94,540.84,7940.85,2030.34,2134.43,1892.0004,1974.066,28984.1025,7431.0444,7790.6695,4%,1368%,-74%,5%
Bilsthorpe PV,1,12.69,5.75,5.96,1493.21,1898.4,46.4454,20.9875,21.754,5465.1486,6929.16,-55%,4%,25022%,27%
Glebe Farm Podington PV,1,98.25,103.87,107.57,1585.42,1913.61,359.595,379.1255,392.6305,5802.6372,6984.6765,5%,4%,1378%,20%
Chelveston Renewable PV,1,8.23,8.4,8.7,1488.21,1843.09,30.1218,30.66,31.755,5446.8486,6727.2785,2%,4%,17053%,24%
Decoy Farm Crowland PV,1,9,9.37,9.71,1489.2,1836.15,32.94,34.2005,35.4415,5450.472,6701.9475,4%,4%,15279%,23%
Network Rail Bytham,2,5194.61,5287.79,21826.34,14405.22,19637.31,19012.2726,19300.4335,79666.141,52723.1052,71676.1815,2%,313%,-34%,36%
Network Rail Grantham,2,2314.33,2307.54,18422.08,11053.01,15298.99,8470.4478,8422.521,67240.592,40454.0166,55841.3135,-1%,698%,-40%,38%
Network Rail Staythorpe,2,70.55,70.34,16256.8,8929.39,12475.81,258.213,256.741,59337.32,32681.5674,45536.7065,-1%,23012%,-45%,39%
Network Rail Retford,2,3294.17,3322.99,19375.99,11988.56,17095.31,12056.6622,12128.9135,70722.3635,43878.1296,62397.8815,1%,483%,-38%,42%
Jaguar Cars,1,287.86,297.06,7688.38,1782.13,1961.05,1053.5676,1084.269,28062.587,6522.5958,7157.8325,3%,2488%,-77%,10%
Alstom Frankton,1,3599.85,3769.09,11284.16,5317.3,6269.63,13175.451,13757.1785,41187.184,19461.318,22884.1495,4%,199%,-53%,18%
University of Warwick,2,287.86,152.99,16349.15,9020.34,18060.38,1053.5676,558.4135,59674.3975,33014.4444,65920.387,-47%,10586%,-45%,100%
Dunlop Factory,2,287.86,297.06,23629.31,12751.89,12530.53,1053.5676,1084.269,86246.9815,46671.9174,45736.4345,3%,7854%,-46%,-2%
Bombardier,2,972.26,688.61,16903.85,9565.7,15972.34,3558.4716,2513.4265,61699.0525,35010.462,58299.041,-29%,2355%,-43%,67%
Corby Steel Works,4,939.53,982.55,63750.06,39184.15,52465.58,3438.6798,3586.3075,232687.719,143413.989,191499.367,4%,6388%,-38%,34%
Derwent,1,2332.03,2373.86,2527.31,3964.38,2545.94,8535.2298,8664.589,9224.6815,14509.6308,9292.681,2%,6%,57%,-36%
GEC Alsthom,2,1647.28,1729.33,17981.67,10625.35,14144.21,6029.0448,6312.0545,65633.0955,38888.781,51626.3665,5%,940%,-41%,33%
St Gobain,1,653.92,683.1,8088.17,2175.18,1996.07,2393.3472,2493.315,29521.8205,7961.1588,7285.6555,4%,1084%,-73%,-8%
Toyota,4,10159.65,10467.15,73787.88,49052.79,77857.06,37184.319,38205.0975,269325.762,179533.2114,284178.269,3%,605%,-33%,58%
Petsoe Wind Farm,1,22.12,23.31,24.14,1503.4,1859.71,80.9592,85.0815,88.111,5502.444,6787.9415,5%,4%,6145%,23%
Castle Cement,4,3748.64,3936.72,66809.52,42192.04,54614.1,13720.0224,14369.028,243854.748,154422.8664,199341.465,5%,1597%,-37%,29%
Rugby Cement,4,1780.72,1876.11,64675.47,40093.96,54127.81,6517.4352,6847.8015,236065.4655,146743.8936,197566.5065,5%,3347%,-38%,35%
Goosy Lodge Power,1,28.35,29.18,27.41,1506.55,1862.76,103.761,106.507,100.0465,5513.973,6799.074,3%,-6%,5411%,23%
BAR Honda,2,699.63,731.49,16948.26,9609.36,12565.55,2560.6458,2669.9385,61861.149,35170.2576,45864.2575,4%,2217%,-43%,30%
Burton Wolds Wind Farm,1,6.18,6.4,6.01,1485.56,1838.52,22.6188,23.36,21.9365,5437.1496,6710.598,3%,-6%,24686%,23%
Network Rail Bretton,2,10175.29,10528.76,27094.73,19584.82,12565.55,37241.5614,38429.974,98895.7645,71680.4412,45864.2575,3%,157%,-28%,-36%
Rolls Royce Coventry,1,287.86,297.06,7688.38,1782.13,1961.05,1053.5676,1084.269,28062.587,6522.5958,7157.8325,3%,2488%,-77%,10%
Caterpillar,2,3528.94,3712.29,20035.3,12644.37,17254.85,12915.9204,13549.8585,73128.845,46278.3942,62980.2025,5%,440%,-37%,36%
Santander Carlton Park,1,287.86,297.06,7688.38,1782.13,1961.05,1053.5676,1084.269,28062.587,6522.5958,7157.8325,3%,2488%,-77%,10%
Brush,2,287.86,297.06,16498.35,9167.03,12530.53,1053.5676,1084.269,60218.9775,33551.3298,45736.4345,3%,5454%,-44%,36%
JCB,2,287.86,297.06,16498.35,9167.03,12530.53,1053.5676,1084.269,60218.9775,33551.3298,45736.4345,3%,5454%,-44%,36%
Cast Bar UK,2,354.02,366.43,16570.19,9237.66,12530.53,1295.7132,1337.4695,60481.1935,33809.8356,45736.4345,3%,4422%,-44%,35%
Bretby GP,1,221.7,227.7,7616.54,1711.5,1961.05,811.422,831.105,27800.371,6264.09,7157.8325,2%,3245%,-77%,14%
Holwell Works,2,287.86,297.06,16498.35,9167.03,12530.53,1053.5676,1084.269,60218.9775,33551.3298,45736.4345,3%,5454%,-44%,36%
Pedigree Petfoods,2,221.7,227.7,16426.51,9096.4,12530.53,811.422,831.105,59956.7615,33292.824,45736.4345,2%,7114%,-44%,37%
Alstom Wolverton,1,287.86,297.06,7688.38,1782.13,1961.05,1053.5676,1084.269,28062.587,6522.5958,7157.8325,3%,2488%,-77%,10%
Colworth Laboratory,1,287.86,297.06,7688.38,1782.13,1961.05,1053.5676,1084.269,28062.587,6522.5958,7157.8325,3%,2488%,-77%,10%
Boots Thane Road,2,598.33,616.45,16769.95,9432.66,12848.98,2189.8878,2250.0425,61210.3175,34523.5356,46898.777,3%,2620%,-44%,36%
QMC,2,87.58,88.53,16273.89,8946.15,12440.84,320.5428,323.1345,59399.6985,32742.909,45409.066,1%,18282%,-45%,39%
British Gypsum,2,3098.88,3246.02,19552.42,12169.63,16886.5,11341.9008,11847.973,71366.333,44540.8458,61635.725,4%,502%,-38%,38%
Melbourne STW,1,287.86,297.06,7688.38,1782.13,1961.05,1053.5676,1084.269,28062.587,6522.5958,7157.8325,3%,2488%,-77%,10%
Whetstone,1,287.86,297.06,7688.38,1782.13,1961.05,1053.5676,1084.269,28062.587,6522.5958,7157.8325,3%,2488%,-77%,10%
Holbrook Works,1,287.86,297.06,7688.38,1782.13,1961.05,1053.5676,1084.269,28062.587,6522.5958,7157.8325,3%,2488%,-77%,10%
Astrazeneca Charnwood,2,4115.67,4320.3,20664.99,13263.44,18057.2,15063.3522,15769.095,75427.2135,48544.1904,65908.78,5%,378%,-36%,36%
B&Q Manton,1,123.37,127.31,7512.58,1609.29,1887.5,451.5342,464.6815,27420.917,5890.0014,6889.375,3%,5801%,-79%,17%
Transco Churchover,3,287.86,297.06,23629.31,12751.89,34196.4,1053.5676,1084.269,86246.9815,46671.9174,124816.86,3%,7854%,-46%,167%
Alstom Rugby,1,2936.58,3074.19,10564.49,4609.77,6072.72,10747.8828,11220.7935,38560.3885,16871.7582,22165.428,4%,244%,-56%,31%
Swinford Wind Farm,1,67.85,71.76,74.32,1552.73,1933.33,248.331,261.924,271.268,5682.9918,7056.6545,5%,4%,1995%,24%
Yelvertoft Wind Farm,1,54.09,57.08,59.12,1537.78,1893.04,197.9694,208.342,215.788,5628.2748,6909.596,5%,4%,2508%,23%
Maxwell House Data Centre,4,8605.96,9072.91,72128.79,47421.66,52430.55,31497.8136,33116.1215,263270.0835,173563.2756,191371.5075,5%,695%,-34%,10%
Shacks Barn PV,1,10.83,11.34,11.75,1491.21,1840.54,39.6378,41.391,42.8875,5457.8286,6717.971,4%,4%,12626%,23%
Hatton Gas Compressor,4,23868.46,25183.67,88857.08,63868.01,53015.45,87358.5636,91920.3955,324328.342,233756.9166,193506.3925,5%,253%,-28%,-17%
Willoughby STOR generation,1,0.69,0.71,0.74,1480.39,1833.59,2.5254,2.5915,2.701,5418.2274,6692.6035,3%,4%,200501%,24%
Rolls Royce AB&E 33kV,4,82.7,84.19,62819.68,38269.44,52465.58,302.682,307.2935,229291.832,140066.1504,191499.367,2%,74517%,-39%,37%
The Grange Wind Farm,1,25.4,26.86,27.82,1507.01,1870.1,92.964,98.039,101.543,5515.6566,6825.865,5%,4%,5332%,24%
Clay Lake STOR,1,2.05,2.11,2.19,1481.81,1834.5,7.503,7.7015,7.9935,5423.4246,6695.925,3%,4%,67748%,23%
Balderton STOR,1,1.54,1.59,1.65,1481.28,1833.97,5.6364,5.8035,6.0225,5421.4848,6693.9905,3%,4%,89921%,23%
Lilbourne Wind Farm,1,11.49,12.06,12.49,1491.94,1905.61,42.0534,44.019,45.5885,5460.5004,6955.4765,5%,4%,11878%,27%
Chelvaston Renewable,1,111.58,117.6,121.79,1599.4,2013.58,408.3828,429.24,444.5335,5853.804,7349.567,5%,4%,1217%,26%
Low Farm Anaerobic Dig,1,20.68,21.05,21.8,1501.09,2220.43,75.6888,76.8325,79.57,5493.9894,8104.5695,2%,4%,6805%,48%
Rockingham,3,8259.97,8712.47,32344.67,21320.36,30538.98,30231.4902,31800.5155,118058.0455,78032.5176,111467.277,5%,271%,-34%,43%
Santander Carlton Park 132/11,3,155.54,158.33,23485.63,12610.63,52149.08,569.2764,577.9045,85722.5495,46154.9058,190344.142,2%,14733%,-46%,312%
Delphi Diesel,1,224.55,230.68,7619.64,1714.54,1961.05,821.853,841.982,27811.686,6275.2164,7157.8325,2%,3203%,-77%,14%
Ridge Solar Park,1,5.41,5.64,5.84,1485.41,1833.97,19.8006,20.586,21.316,5436.6006,6693.9905,4%,4%,25405%,23%
Newton Road PV,1,3.69,3.86,4,1483.59,1834.98,13.5054,14.089,14.6,5429.9394,6697.677,4%,4%,37091%,23%
Fiskerton Solar Farm,1,8.24,8.7,9.01,1488.52,1832.89,30.1584,31.755,32.8865,5447.9832,6690.0485,5%,4%,16466%,23%
Branston South PV Farm,1,3.93,4.14,4.28,1483.87,1836.79,14.3838,15.111,15.622,5430.9642,6704.2835,5%,3%,34665%,23%
Grendon/Huntingdon Interconnector,4,0,0,62732.49,38183.72,52301.85,0,0,228973.5885,139752.4152,190901.7525,0%,0%,-39%,37%
Churchover solar farm new,1,8.67,12.61,13.05,1492.26,1845.67,31.7322,46.0265,47.6325,5461.6716,6736.6955,45%,3%,11366%,23%
Long Itchington Northern Portal,2,11356.02,11569.02,28172.07,20644,31886.67,41563.0332,42226.923,102828.0555,75557.04,116386.3455,2%,144%,-27%,54%
Lyon Road Gas Gen,0,40.32,42.45,43.97,43.23,43.68,147.5712,154.9425,160.4905,158.2218,159.432,5%,4%,-1%,1%
Asher Lane 33kV STOR,0,41.49,38.92,40.3,44.6,3.03,151.8534,142.058,147.095,163.236,11.0595,-6%,4%,11%,-93%
Yew Tree Farm PV,0,5.39,5.65,5.85,5.75,1.35,19.7274,20.6225,21.3525,21.045,4.9275,5%,4%,-1%,-77%
Cobb Farm Egmanton PV,0,2.65,2.77,2.87,2.82,1.88,9.699,10.1105,10.4755,10.3212,6.862,4%,4%,-1%,-34%
Kelmarsh Wind Farm,0,140.32,148.44,153.73,151.14,186.46,513.5712,541.806,561.1145,553.1724,680.579,5%,4%,-1%,23%
Copley Farm PV Claypole,0,11.86,12.49,12.93,12.71,12.78,43.4076,45.5885,47.1945,46.5186,46.647,5%,4%,-1%,0%
Greatmoor EFW Calvert,0,951.71,993.3,1039.25,1021.73,803.3,3483.2586,3625.545,3793.2625,3739.5318,2932.045,4%,5%,-1%,-22%
Lodge Farm (Calow) PV,0,4.4,4.58,4.75,4.67,2.1,16.104,16.717,17.3375,17.0922,7.665,4%,4%,-1%,-55%
Arkwright Solar PV,0,122.67,129.28,133.89,131.64,113.85,448.9722,471.872,488.6985,481.8024,415.5525,5%,4%,-1%,-14%
Langar PV Imports,0,3.13,3.26,453.72,3.32,1.22,11.4558,11.899,1656.078,12.1512,4.453,4%,13818%,-99%,-63%
Averill Farm PV,0,13.48,14.2,14.7,14.46,15.12,49.3368,51.83,53.655,52.9236,55.188,5%,4%,-1%,4%
Marchington Solar PV,0,5.05,5.27,5.46,2.8,1.31,18.483,19.2355,19.929,10.248,4.7815,4%,4%,-49%,-53%
Fields Farm Southam PV,0,4.61,4.8,4.98,4.89,2.22,16.8726,17.52,18.177,17.8974,8.103,4%,4%,-2%,-55%
Canopus Farm PV,0,4.5,4.69,4.86,4.78,2.65,16.47,17.1185,17.739,17.4948,9.6725,4%,4%,-1%,-45%
Lindridge Farm PV,0,11.43,12.02,12.45,12.24,2.04,41.8338,43.873,45.4425,44.7984,7.446,5%,4%,-1%,-83%
Wymeswold Narrow Lane PV,0,14.66,15.37,15.92,15.65,11.29,53.6556,56.1005,58.108,57.279,41.2085,5%,4%,-1%,-28%
Manor Farm Horton PV,0,3.14,3.3,3.41,3.36,5.16,11.4924,12.045,12.4465,12.2976,18.834,5%,3%,-1%,53%
Handley Park Farm PV,0,14.08,14.78,15.31,15.05,9.78,51.5328,53.947,55.8815,55.083,35.697,5%,4%,-1%,-35%
Shelton Lodge PV,0,20.28,20.75,21.49,21.13,26.45,74.2248,75.7375,78.4385,77.3358,96.5425,2%,4%,-1%,25%
Holtwood Farm PV,0,15.42,16.21,16.78,16.5,15.19,56.4372,59.1665,61.247,60.39,55.4435,5%,4%,-1%,-8%
Drakelow Farm PV,0,8.42,8.85,9.17,9.01,6.46,30.8172,32.3025,33.4705,32.9766,23.579,5%,4%,-1%,-28%
Stragglethorpe Rd PV,0,4.81,5.03,5.21,5.12,3.15,17.6046,18.3595,19.0165,18.7392,11.4975,4%,4%,-1%,-39%
Oxcroft Solar Farm PV,0,503.49,532.05,551.01,541.72,538.36,1842.7734,1941.9825,2011.1865,1982.6952,1965.014,5%,4%,-1%,-1%
Littlewood Farm PV,0,3.29,3.43,3.55,3.49,1.53,12.0414,12.5195,12.9575,12.7734,5.5845,4%,3%,-1%,-56%
Twin Yards Farm PV,0,5.5,5.76,5.97,5.87,1.63,20.13,21.024,21.7905,21.4842,5.9495,4%,4%,-1%,-72%
Tower Hayes Farm PV,0,8.07,8.47,8.77,8.62,7.36,29.5362,30.9155,32.0105,31.5492,26.864,5%,4%,-1%,-15%
The Breck Solar PV,0,20.87,21.98,22.77,22.38,24.48,76.3842,80.227,83.1105,81.9108,89.352,5%,4%,-1%,9%
Lincoln Farm PV,0,6.11,6.41,6.64,6.53,5,22.3626,23.3965,24.236,23.8998,18.25,5%,4%,-1%,-24%
Drakelow Renewable BIO,0,6.23,6.5,6.73,92.45,31.42,22.8018,23.725,24.5645,338.367,114.683,4%,4%,1277%,-66%
Mill Fm Gt Ponton PV,0,19.39,20.46,21.19,20.83,24.14,70.9674,74.679,77.3435,76.2378,88.111,5%,4%,-1%,16%
Deepdale Solar Fm PV,0,7.66,8.03,8.32,8.18,7.02,28.0356,29.3095,30.368,29.9388,25.623,5%,4%,-1%,-14%
Burton Wolds South WF,0,10.18,10.71,11.09,9.57,0.93,37.2588,39.0915,40.4785,35.0262,3.3945,5%,4%,-13%,-90%
Gawcott Flds PV Commercial,0,4.48,4.69,5.75,5.65,0.95,16.3968,17.1185,20.9875,20.679,3.4675,4%,23%,-1%,-83%
Gawcott Flds PV Community,0,4.48,4.69,5.02,4.94,0.95,16.3968,17.1185,18.323,18.0804,3.4675,4%,7%,-1%,-81%
John Brookes Sawmill BIO,0,547.31,578.59,599.21,589.11,438.14,2003.1546,2111.8535,2187.1165,2156.1426,1599.211,5%,4%,-1%,-26%
Hawton Wind Farm WF,0,25.25,26.61,27.55,27.09,30.88,92.415,97.1265,100.5575,99.1494,112.712,5%,4%,-1%,14%
Garnham Close STOR,0,15.25,16.04,16.61,16.33,16.36,55.815,58.546,60.6265,59.7678,59.714,5%,4%,-1%,0%
Hermitage Lane STOR,0,5.59,5.84,6.05,5.95,2.02,20.4594,21.316,22.0825,21.777,7.373,4%,4%,-1%,-66%
Fosse Way Radford Sem PV,0,18.9,19.97,20.68,20.34,17.71,69.174,72.8905,75.482,74.4444,64.6415,5%,4%,-1%,-13%
Meadow Fm Thorpe Lang PV,0,21.67,22.86,23.67,23.27,7.87,79.3122,83.439,86.3955,85.1682,28.7255,5%,4%,-1%,-66%
Olney Hyde Farm PV,0,50.14,51.24,53.07,52.17,60.37,183.5124,187.026,193.7055,190.9422,220.3505,2%,4%,-1%,15%
Dayfields Farm PV,0,3.89,4.08,4.23,4.16,0.89,14.2374,14.892,15.4395,15.2256,3.2485,5%,4%,-1%,-79%
Bolsovermoor Quarry PV,0,6.56,6.87,7.12,7,5.94,24.0096,25.0755,25.988,25.62,21.681,4%,4%,-1%,-15%
Sutton Bonnington PV,0,4.61,4.81,4.99,4.9,3.99,16.8726,17.5565,18.2135,17.934,14.5635,4%,4%,-2%,-19%
Green Lane Marchington PV,0,6.23,4.88,5.05,6.62,6.45,22.8018,17.812,18.4325,24.2292,23.5425,-22%,3%,31%,-3%
Baddesley Park PV,0,125.81,30.65,28.58,5,5.76,460.4646,111.8725,104.317,18.3,21.024,-76%,-7%,-82%,15%
Taylor Lane 33kV STOR,0,10.08,10.55,10.93,10.74,3.18,36.8928,38.5075,39.8945,39.3084,11.607,4%,4%,-1%,-70%
Hill Farm ESS,0,201.36,210.3,217.8,214.13,72.77,736.9776,767.595,794.97,783.7158,265.6105,4%,4%,-1%,-66%
Leverton ESS,0,540.47,568.13,588.38,578.47,81.86,1978.1202,2073.6745,2147.587,2117.2002,298.789,5%,4%,-1%,-86%
Nottingham Rd STOR,0,5.59,5.84,6.05,5.95,19.48,20.4594,21.316,22.0825,21.777,71.102,4%,4%,-1%,227%
Breach Farm ESS,0,1766.69,1867.26,1933.81,1901.22,2028.95,6466.0854,6815.499,7058.4065,6958.4652,7405.6675,5%,4%,-1%,6%
Boston Biomass Gen AD,0,244.36,257.11,266.28,261.79,23.39,894.3576,938.4515,971.922,958.1514,85.3735,5%,4%,-1%,-91%
Twin Oaks Diesel STOR,0,2.02,2.11,2.18,2.14,1.59,7.3932,7.7015,7.957,7.8324,5.8035,4%,3%,-2%,-26%
Colwick Private Rd STOR,0,8.5,8.9,9.22,9.06,2.52,31.11,32.485,33.653,33.1596,9.198,4%,4%,-1%,-72%
Prestop Park Farm PV,0,1.48,1.54,1.6,1.57,0.62,5.4168,5.621,5.84,5.7462,2.263,4%,4%,-2%,-61%
Smith Hall Farm Solar,0,17.51,18.38,19.04,18.72,5.35,64.0866,67.087,69.496,68.5152,19.5275,5%,4%,-1%,-71%
Park Farm Solar Ashby,0,1.62,1.65,1.71,1.68,15.15,5.9292,6.0225,6.2415,6.1488,55.2975,2%,4%,-1%,799%
Aston House Solar Farm,0,4.34,4.56,4.72,4.64,11.26,15.8844,16.644,17.228,16.9824,41.099,5%,4%,-1%,142%
Elms Farm Solar Farm,0,2.32,2.42,2.51,2.46,1.1,8.4912,8.833,9.1615,9.0036,4.015,4%,4%,-2%,-55%
Morton Solar Farm,0,3.11,3.26,3.38,3.32,1.49,11.3826,11.899,12.337,12.1512,5.4385,5%,4%,-2%,-55%
Rolleston Park Solar,0,45.11,47.46,49.15,48.32,46.85,165.1026,173.229,179.3975,176.8512,171.0025,5%,4%,-1%,-3%
Nowhere Farm PV,0,5.73,6.04,6.26,6.15,5.52,20.9718,22.046,22.849,22.509,20.148,5%,4%,-1%,-10%
Horsemoor Drove Solar,0,24.43,25.83,26.75,26.3,16.13,89.4138,94.2795,97.6375,96.258,58.8745,5%,4%,-1%,-39%
Decoy Farm Crowland AD,0,24.18,25.19,26.09,25.65,10.23,88.4988,91.9435,95.2285,93.879,37.3395,4%,4%,-1%,-60%
Coventry & Solihull Waste,0,90.38,93,87.38,85.7,71.1,330.7908,339.45,318.937,313.662,259.515,3%,-6%,-2%,-17%
Bentinck Generation,0,12.26,12.85,13.31,13.08,19.76,44.8716,46.9025,48.5815,47.8728,72.124,5%,4%,-1%,51%
Asfordby 132kV,0,2601.3,2727.23,2789.05,2740.98,146.94,9520.758,9954.3895,10180.0325,10031.9868,536.331,5%,2%,-1%,-95%
Calvert Landfill EFW,0,27.64,28.27,26.57,26.06,110.18,101.1624,103.1855,96.9805,95.3796,402.157,2%,-6%,-2%,322%
Weldon Landfill,0,28.98,29.98,28.17,27.62,37.58,106.0668,109.427,102.8205,101.0892,137.167,3%,-6%,-2%,36%
Bambers Farm Wind Farm,0,2.58,2.65,2.49,2.44,1.44,9.4428,9.6725,9.0885,8.9304,5.256,2%,-6%,-2%,-41%
Vine House Wind Farm,0,49.08,50.82,47.75,46.83,64.07,179.6328,185.493,174.2875,171.3978,233.8555,3%,-6%,-2%,36%
Red House Wind Farm,0,7.92,8.19,7.69,7.55,10.3,28.9872,29.8935,28.0685,27.633,37.595,3%,-6%,-2%,36%
Daneshill Landfill,0,40.34,41.51,39.01,38.26,28.73,147.6444,151.5115,142.3865,140.0316,104.8645,3%,-6%,-2%,-25%
Corby Power demand,0,923.53,968.55,1003.07,986.17,163.73,3380.1198,3535.2075,3661.2055,3609.3822,597.6145,5%,4%,-1%,-83%
Newton Longville Landfill,0,27.49,28.8,29.32,28.82,17.03,100.6134,105.12,107.018,105.4812,62.1595,4%,2%,-1%,-41%
Hollies Wind Farm,0,2.81,2.93,3.03,2.98,1.45,10.2846,10.6945,11.0595,10.9068,5.2925,4%,3%,-1%,-51%
Lynn Wind Farm,0,144.71,146.51,137.94,135.29,229.76,529.6386,534.7615,503.481,495.1614,838.624,1%,-6%,-2%,69%
Inner Dowsing Wind Farm,0,144.71,146.51,137.94,135.29,229.76,529.6386,534.7615,503.481,495.1614,838.624,1%,-6%,-2%,69%
Bicker Fen Wind Farm,0,30.75,32.47,33.63,33.06,40.3,112.545,118.5155,122.7495,120.9996,147.095,5%,4%,-1%,22%
London Road Heat Station,0,170.6,178.45,184.81,181.7,585.43,624.396,651.3425,674.5565,665.022,2136.8195,4%,4%,-1%,221%
Lindhurst Wind Farm,0,17.96,18.98,19.65,19.32,24.43,65.7336,69.277,71.7225,70.7112,89.1695,5%,4%,-1%,26%
Staveley Works,0,4344.73,0,0,0,33.11,15901.7118,0,0,0,120.8515,-100%,0%,0%,0%
Low Spinney Wind Farm,0,109.65,116,120.13,118.11,162.99,401.319,423.4,438.4745,432.2826,594.9135,6%,4%,-1%,38%
Burton Wolds Wind Farm phase 2,0,34.87,36.87,38.18,37.54,74.46,127.6242,134.5755,139.357,137.3964,271.779,5%,4%,-1%,98%
North Hykeham EFW,0,24.93,25.73,26.65,26.2,26.24,91.2438,93.9145,97.2725,95.892,95.776,3%,4%,-1%,0%
Sleaford Renewable Energy Plant,0,93.22,96.32,99.75,98.07,184.34,341.1852,351.568,364.0875,358.9362,672.841,3%,4%,-1%,87%
Bilsthorpe Wind Farm,0,19.94,20.83,21.57,21.21,12.26,72.9804,76.0295,78.7305,77.6286,44.749,4%,4%,-1%,-42%
Old Dalby Lodge Wind Farm,0,32.76,34.29,35.52,34.92,10.04,119.9016,125.1585,129.648,127.8072,36.646,4%,4%,-1%,-71%
Wymeswold Solar Park,0,6.12,6.47,6.7,6.59,9.45,22.3992,23.6155,24.455,24.1194,34.4925,5%,4%,-1%,43%
French Farm Wind Farm,0,50.7,53.61,55.52,54.59,102.82,185.562,195.6765,202.648,199.7994,375.293,5%,4%,-1%,88%
Beachampton Solar Farm,0,19.28,20.14,20.86,20.51,6.38,70.5648,73.511,76.139,75.0666,23.287,4%,4%,-1%,-69%
Croft End Solar Farm,0,2.78,2.92,3.02,2.97,2.36,10.1748,10.658,11.023,10.8702,8.614,5%,3%,-1%,-21%
M1 Wind farm,0,10.1,10.52,10.89,10.71,4.27,36.966,38.398,39.7485,39.1986,15.5855,4%,4%,-1%,-60%
Turweston Airfield Solar Farm,0,1.77,1.85,1.92,1.89,2.33,6.4782,6.7525,7.008,6.9174,8.5045,4%,4%,-1%,23%
Burton Pedwardine Solar,0,12.06,12.69,13.14,12.92,5.11,44.1396,46.3185,47.961,47.2872,18.6515,5%,4%,-1%,-61%
Little Morton Farm Solar,0,4.84,5.07,5.25,5.16,3.86,17.7144,18.5055,19.1625,18.8856,14.089,4%,4%,-1%,-25%
Lodge Farm Solar Park,0,25.77,27.16,28.12,27.65,16.74,94.3182,99.134,102.638,101.199,61.101,5%,4%,-1%,-40%
Ermine Farm PV,0,52.38,55.39,57.36,56.4,19.07,191.7108,202.1735,209.364,206.424,69.6055,5%,4%,-1%,-66%
Winwick Wind Farm,0,1.81,1.84,1.91,1.87,54.57,6.6246,6.716,6.9715,6.8442,199.1805,1%,4%,-2%,2810%
Watford Lodge Wind Farm,0,65.98,69.7,72.19,70.97,84.77,241.4868,254.405,263.4935,259.7502,309.4105,5%,4%,-1%,19%
Leverton Solar Park,0,2.74,2.85,2.96,2.91,1.38,10.0284,10.4025,10.804,10.6506,5.037,4%,4%,-1%,-53%
Burton Pedwardine Phase 2,0,25.47,26.78,27.74,27.27,14.86,93.2202,97.747,101.251,99.8082,54.239,5%,4%,-1%,-46%
Hartwell Solar Farm,0,20.33,21.48,22.25,21.87,26.85,74.4078,78.402,81.2125,80.0442,98.0025,5%,4%,-1%,22%
Eakley Lanes Solar North,0,29.02,30.59,31.68,31.15,4.07,106.2132,111.6535,115.632,114.009,14.8555,5%,4%,-1%,-87%
Eakley Lanes Solar South,0,57.92,60.43,62.58,61.53,33.43,211.9872,220.5695,228.417,225.1998,122.0195,4%,4%,-1%,-46%
Welbeck Colliery PV,0,7.4,7.77,8.05,7.91,3.4,27.084,28.3605,29.3825,28.9506,12.41,5%,4%,-1%,-57%
New Albion Wind Farm,0,36.14,38.19,39.55,38.88,51.11,132.2724,139.3935,144.3575,142.3008,186.5515,5%,4%,-1%,31%
Moat Farm PV,0,23.52,24.78,25.66,25.23,10.17,86.0832,90.447,93.659,92.3418,37.1205,5%,4%,-1%,-60%
Bilsthorpe Solar,0,9.83,10.34,10.71,10.53,10.3,35.9778,37.741,39.0915,38.5398,37.595,5%,4%,-1%,-2%
Gaultney Solar Park,0,1.26,1.31,1.36,1.33,0.62,4.6116,4.7815,4.964,4.8678,2.263,4%,4%,-2%,-54%
Mount Mill Solar Park,0,8.28,8.71,9.02,8.87,8.27,30.3048,31.7915,32.923,32.4642,30.1855,5%,4%,-1%,-7%
Podington Airfield WF,0,117.83,124.51,128.95,126.77,141.77,431.2578,454.4615,470.6675,463.9782,517.4605,5%,4%,-1%,12%
Eakring Solar Farm,0,2.25,2.35,2.43,2.39,1.69,8.235,8.5775,8.8695,8.7474,6.1685,4%,3%,-1%,-29%
Ragdale PV Solar Park,0,4.79,4.88,5.05,4.97,137.15,17.5314,17.812,18.4325,18.1902,500.5975,2%,3%,-1%,2652%
Thoresby Solar Farm,0,7.75,8.14,8.43,8.29,1.69,28.365,29.711,30.7695,30.3414,6.1685,5%,4%,-1%,-80%
Welbeck Solar Farm,0,5.42,5.69,5.89,5.79,13.49,19.8372,20.7685,21.4985,21.1914,49.2385,5%,4%,-1%,132%
Atherstone Solar Farm,0,2.56,2.68,2.78,2.73,2.53,9.3696,9.782,10.147,9.9918,9.2345,4%,4%,-2%,-8%
Babworth Estate PV Farm,0,4.02,4.22,4.37,4.29,2.66,14.7132,15.403,15.9505,15.7014,9.709,5%,4%,-2%,-38%
Homestead Farm Solar Park,0,5.65,5.94,6.15,6.05,5.64,20.679,21.681,22.4475,22.143,20.586,5%,4%,-1%,-7%
Grange Solar Farm,0,3.88,4.05,4.2,4.12,1.64,14.2008,14.7825,15.33,15.0792,5.986,4%,4%,-2%,-60%
Redfield Road 1 STOR,0,14.27,14.87,15.4,15.14,50.11,52.2282,54.2755,56.21,55.4124,182.9015,4%,4%,-1%,230%
Trafalgar Pk Gas STOR,0,5.9,22.45,23.25,22.86,53.65,21.594,81.9425,84.8625,83.6676,195.8225,279%,4%,-1%,134%
Redfield Road B STOR,0,15.05,15.86,16.43,16.15,17.87,55.083,57.889,59.9695,59.109,65.2255,5%,4%,-1%,10%
Watnall Brickworks,0,1.23,1.28,1.33,1.31,15.96,4.5018,4.672,4.8545,4.7946,58.254,4%,4%,-1%,1115%
Asfordby B STOR,0,548.26,558.1,592.46,582.47,416.27,2006.6316,2037.065,2162.479,2131.8402,1519.3855,2%,6%,-1%,-29%
Back Lane ESS,0,640.26,673.44,697.45,685.69,580.24,2343.3516,2458.056,2545.6925,2509.6254,2117.876,5%,4%,-1%,-16%
Battery Ln Boston ESS,0,193.41,201.52,208.7,205.19,81.86,707.8806,735.548,761.755,750.9954,298.789,4%,4%,-1%,-60%
Branston Potato Farm,0,4.01,4.11,4.32,4.25,6.19,14.6766,15.0015,15.768,15.555,22.5935,2%,5%,-1%,45%
Breach Farm 132,0,970.93,2375.3,2502.3,2460.13,552.44,3553.6038,8669.845,9133.395,9004.0758,2016.406,144%,5%,-1%,-78%
Highgrounds STOR,0,0,2.01,2.08,2.04,3.49,0,7.3365,7.592,7.4664,12.7385,0%,3%,-2%,71%
Newton Wood Farm ESS,0,469.94,478.37,507.82,499.26,356.8,1719.9804,1746.0505,1853.543,1827.2916,1302.32,2%,6%,-1%,-29%
Potash Farm A ESS,0,636.93,651.21,686.82,675.25,356.8,2331.1638,2376.9165,2506.893,2471.415,1302.32,2%,5%,-1%,-47%
Potash Farm B ESS,0,503.06,513.44,544.14,534.97,356.8,1841.1996,1874.056,1986.111,1957.9902,1302.32,2%,6%,-1%,-33%
Sheepbridge Lane ESS,0,20.16,21.13,21.88,21.51,3.21,73.7856,77.1245,79.862,78.7266,11.7165,5%,4%,-1%,-85%
Shirebrook Wind Farm,0,23.68,24.94,25.83,25.4,2.52,86.6688,91.031,94.2795,92.964,9.198,5%,4%,-1%,-90%
South Wheatley PV,0,0,1.19,1.27,1.25,0.89,0,4.3435,4.6355,4.575,3.2485,0%,7%,-1%,-29%
Thornton Solar Farm,0,64.17,65.55,67.89,66.74,5.67,234.8622,239.2575,247.7985,244.2684,20.6955,2%,4%,-1%,-92%
Thurlaston Estate Solar Farm,0,0.96,1,1.03,1.01,36.51,3.5136,3.65,3.7595,3.6966,133.2615,4%,3%,-2%,3505%
Tuckey Farm PV,0,3.76,3.96,4.1,4.03,2.2,13.7616,14.454,14.965,14.7498,8.03,5%,4%,-1%,-46%
Whitecross Lane PV Park,0,17.83,18.7,19.36,19.04,99.55,65.2578,68.255,70.664,69.6864,363.3575,5%,4%,-1%,421%
